StartDate,EndDate,Status,IPAddress,Progress,Duration (in seconds),Finished,RecordedDate,ResponseId,RecipientLastName,RecipientFirstName,RecipientEmail,ExternalReference,LocationLatitude,LocationLongitude,DistributionChannel,UserLanguage,Q26,Q45,Q28#1_1,Q28#1_2,Q28#1_3,Q28#1_4,Q28#1_5,Q28#1_6,Q28#1_7,Q28#1_8,Q28#1_9,Q28#1_10,Q06#1_1,Q06#1_2,Q06#1_3,Q06#1_4,Q06#1_5,Q06#1_6,Q06#1_7,Q06#1_8,Q06#1_9,Q06#1_10,Q06#2_1,Q06#2_2,Q06#2_3,Q06#2_4,Q06#2_5,Q06#2_6,Q06#2_7,Q06#2_8,Q06#2_9,Q06#2_10,Q19#1_1,Q19#1_2,Q19#1_3,Q19#1_4,Q19#1_5,Q19#1_6,Q19#1_7,Q19#1_8,Q19#1_9,Q19#1_10,Q19#2_1,Q19#2_2,Q19#2_3,Q19#2_4,Q19#2_5,Q19#2_6,Q19#2_7,Q19#2_8,Q19#2_9,Q19#2_10,Q20#1_1,Q20#1_2,Q20#1_3,Q20#1_4,Q20#1_5,Q20#1_6,Q20#1_7,Q20#1_8,Q20#1_9,Q20#1_10,Q20#2_1,Q20#2_2,Q20#2_3,Q20#2_4,Q20#2_5,Q20#2_6,Q20#2_7,Q20#2_8,Q20#2_9,Q20#2_10,Q21#1_1,Q21#1_2,Q21#1_3,Q21#1_4,Q21#1_5,Q21#1_6,Q21#1_7,Q21#1_8,Q21#1_9,Q21#1_10,Q21#2_1,Q21#2_2,Q21#2_3,Q21#2_4,Q21#2_5,Q21#2_6,Q21#2_7,Q21#2_8,Q21#2_9,Q21#2_10,Q22#1_1,Q22#1_2,Q22#1_3,Q22#1_4,Q22#1_5,Q22#1_6,Q22#1_7,Q22#1_8,Q22#1_9,Q22#1_10,Q22#2_1,Q22#2_2,Q22#2_3,Q22#2_4,Q22#2_5,Q22#2_6,Q22#2_7,Q22#2_8,Q22#2_9,Q22#2_10,Q25#1_1,Q25#1_2,Q25#1_3,Q25#1_4,Q25#1_5,Q25#1_6,Q25#1_7,Q25#1_8,Q25#1_9,Q25#1_10,Q25#2_1,Q25#2_2,Q25#2_3,Q25#2_4,Q25#2_5,Q25#2_6,Q25#2_7,Q25#2_8,Q25#2_9,Q25#2_10,Q23#1_1,Q23#1_2,Q23#1_3,Q23#1_4,Q23#1_5,Q23#1_6,Q23#1_7,Q23#1_8,Q23#1_9,Q23#1_10,Q23#2_1,Q23#2_2,Q23#2_3,Q23#2_4,Q23#2_5,Q23#2_6,Q23#2_7,Q23#2_8,Q23#2_9,Q23#2_10,Q24#1_1,Q24#1_2,Q24#1_3,Q24#1_4,Q24#1_5,Q24#1_6,Q24#1_7,Q24#1_8,Q24#1_9,Q24#1_10,Q24#2_1,Q24#2_2,Q24#2_3,Q24#2_4,Q24#2_5,Q24#2_6,Q24#2_7,Q24#2_8,Q24#2_9,Q24#2_10,Q47#1_1,Q47#1_2,Q47#1_3,Q47#1_4,Q47#1_5,Q47#1_6,Q47#1_7,Q47#1_8,Q47#1_9,Q47#1_10,Q47#2_1,Q47#2_2,Q47#2_3,Q47#2_4,Q47#2_5,Q47#2_6,Q47#2_7,Q47#2_8,Q47#2_9,Q47#2_10
Start Date,End Date,Response Type,IP Address,Progress,Duration (in seconds),Finished,Recorded Date,Response ID,Recipient Last Name,Recipient First Name,Recipient Email,External Data Reference,Location Latitude,Location Longitude,Distribution Channel,User Language,"PARTICIPATIONYou are invited to
participate in an invasive species impacts survey if you are 19 years of age or
older. This project aims to improve our ability to understand how multiple
invasive species are expected to alter valued resources in Nebraska’s
rangelands.   The invasive species
impact survey should take approximately 45 minutes to complete. The survey
consists of a series of questions regarding your familiarity with invasive
species, those species impacts on resources and services provided by Nebraska’s
rangelands, and your personal uncertainty regarding your impact estimate.
Following the survey we will discuss the group’s responses (individual
responses will be kept anonymous) and how they compare with impacts from
scientific studies. Following this discussion, all participants will have the
opportunity to adjust previously provided responses. To re-send participants a
link to their previously completed survey, we ask that you provide your email
address at the beginning of the survey. Your responses will remain anonymous to
other participants. Your participation in
this survey is voluntary and not required to attend this workshop. You can
decide not to be in this research study, or you can stop being in this research
study (withdraw) at any time before, during, or after the research begins for
any reason. Deciding not to be in this research study or deciding to withdraw
will not affect your relationship with the investigator or with the University
of Nebraska-Lincoln. There are no known personal risks or benefits associated
with the invasive species impact survey.  CONFIDENTIALITYYour responses will be
stored and presented as anonymous data. Your results will be sent to Qualtrics
online survey platform where data will be stored in a password protected
electronic format (Qualtrics privacy policies are available at https://www.qualtrics.com/privacy-statement/).
After participants have had the opportunity to alter their responses, all
identifying information will be removed from the data and no one will be able
to identify your responses. At no time will data be presented in a manner that
allows identification of participants. You are encouraged to
ask questions concerning your participation in this research and have those
questions answered before agreeing to participate in the invasive species
impact assessment. For further questions,
please contact Dirac Twidwell at dirac.twidwell@unl.edu
or Dillon Fogarty at dillon.fogarty@huskers.unl.edu.
  For questions
concerning your rights or complaints about the research contact the
Institutional Review Board (IRB) at 1(402)472-6965 or irb@unl.edu.





ELECTRONIC CONSENT: You
are voluntarily making a decision whether or not to participate in this
research study. By clicking on the I Agree button below, your consent to
participate is implied. You will be provided with a hard copy of the informed consent
information if you would like a copy. ·       You have read the above information·       You voluntarily agree to participate







































·       You are 19 years of age or older",Please provide your email address so that we can provide you with a link to your completed survey at a later time.,What is your general familiarity with the following invasive species?  - Familiarity with species - Canada thistle,What is your general familiarity with the following invasive species?  - Familiarity with species - Leafy spurge,What is your general familiarity with the following invasive species?  - Familiarity with species - Musk thistle,What is your general familiarity with the following invasive species?  - Familiarity with species - Plumeless thistle,What is your general familiarity with the following invasive species?  - Familiarity with species - Sericea lespedeza,What is your general familiarity with the following invasive species?  - Familiarity with species - Spotted and diffuse knapweed,What is your general familiarity with the following invasive species?  - Familiarity with species - Russian olive,What is your general familiarity with the following invasive species?  - Familiarity with species - Scotch thistle,What is your general familiarity with the following invasive species?  - Familiarity with species - Eastern redcedar,What is your general familiarity with the following invasive species?  - Familiarity with species - Smooth brome,What is the most severe impact to forage biomass caused by invasion of the following species in r... - Estimated impact - Canada thistle,What is the most severe impact to forage biomass caused by invasion of the following species in r... - Estimated impact - Leafy spurge,What is the most severe impact to forage biomass caused by invasion of the following species in r... - Estimated impact - Musk thistle,What is the most severe impact to forage biomass caused by invasion of the following species in r... - Estimated impact - Plumeless thistle,What is the most severe impact to forage biomass caused by invasion of the following species in r... - Estimated impact - Sericea lespedeza,What is the most severe impact to forage biomass caused by invasion of the following species in r... - Estimated impact - Spotted and diffuse knapweed,What is the most severe impact to forage biomass caused by invasion of the following species in r... - Estimated impact - Russian olive,What is the most severe impact to forage biomass caused by invasion of the following species in r... - Estimated impact - Scotch thistle,What is the most severe impact to forage biomass caused by invasion of the following species in r... - Estimated impact - Eastern redcedar,What is the most severe impact to forage biomass caused by invasion of the following species in r... - Estimated impact - Smooth brome,What is the most severe impact to forage biomass caused by invasion of the following species in r... - Uncertainty of estimate - Canada thistle,What is the most severe impact to forage biomass caused by invasion of the following species in r... - Uncertainty of estimate - Leafy spurge,What is the most severe impact to forage biomass caused by invasion of the following species in r... - Uncertainty of estimate - Musk thistle,What is the most severe impact to forage biomass caused by invasion of the following species in r... - Uncertainty of estimate - Plumeless thistle,What is the most severe impact to forage biomass caused by invasion of the following species in r... - Uncertainty of estimate - Sericea lespedeza,What is the most severe impact to forage biomass caused by invasion of the following species in r... - Uncertainty of estimate - Spotted and diffuse knapweed,What is the most severe impact to forage biomass caused by invasion of the following species in r... - Uncertainty of estimate - Russian olive,What is the most severe impact to forage biomass caused by invasion of the following species in r... - Uncertainty of estimate - Scotch thistle,What is the most severe impact to forage biomass caused by invasion of the following species in r... - Uncertainty of estimate - Eastern redcedar,What is the most severe impact to forage biomass caused by invasion of the following species in r... - Uncertainty of estimate - Smooth brome,What is the most severe impact to livestock production caused by invasion of the following specie... - Estimated impact - Canada thistle,What is the most severe impact to livestock production caused by invasion of the following specie... - Estimated impact - Leafy spurge,What is the most severe impact to livestock production caused by invasion of the following specie... - Estimated impact - Musk thistle,What is the most severe impact to livestock production caused by invasion of the following specie... - Estimated impact - Plumeless thistle,What is the most severe impact to livestock production caused by invasion of the following specie... - Estimated impact - Sericea lespedeza,What is the most severe impact to livestock production caused by invasion of the following specie... - Estimated impact - Spotted and diffuse knapweed,What is the most severe impact to livestock production caused by invasion of the following specie... - Estimated impact - Russian olive,What is the most severe impact to livestock production caused by invasion of the following specie... - Estimated impact - Scotch thistle,What is the most severe impact to livestock production caused by invasion of the following specie... - Estimated impact - Eastern redcedar,What is the most severe impact to livestock production caused by invasion of the following specie... - Estimated impact - Smooth Brome,What is the most severe impact to livestock production caused by invasion of the following specie... - Uncertainty of estimate - Canada thistle,What is the most severe impact to livestock production caused by invasion of the following specie... - Uncertainty of estimate - Leafy spurge,What is the most severe impact to livestock production caused by invasion of the following specie... - Uncertainty of estimate - Musk thistle,What is the most severe impact to livestock production caused by invasion of the following specie... - Uncertainty of estimate - Plumeless thistle,What is the most severe impact to livestock production caused by invasion of the following specie... - Uncertainty of estimate - Sericea lespedeza,What is the most severe impact to livestock production caused by invasion of the following specie... - Uncertainty of estimate - Spotted and diffuse knapweed,What is the most severe impact to livestock production caused by invasion of the following specie... - Uncertainty of estimate - Russian olive,What is the most severe impact to livestock production caused by invasion of the following specie... - Uncertainty of estimate - Scotch thistle,What is the most severe impact to livestock production caused by invasion of the following specie... - Uncertainty of estimate - Eastern redcedar,What is the most severe impact to livestock production caused by invasion of the following specie... - Uncertainty of estimate - Smooth Brome,What is the most severe impact to game species/wild food production caused by invasion of the fol... - Estimated impact - Canada thistle,What is the most severe impact to game species/wild food production caused by invasion of the fol... - Estimated impact - Leafy spurge,What is the most severe impact to game species/wild food production caused by invasion of the fol... - Estimated impact - Musk thistle,What is the most severe impact to game species/wild food production caused by invasion of the fol... - Estimated impact - Plumeless thistle,What is the most severe impact to game species/wild food production caused by invasion of the fol... - Estimated impact - Sericea lespedeza,What is the most severe impact to game species/wild food production caused by invasion of the fol... - Estimated impact - Spotted and diffuse knapweed,What is the most severe impact to game species/wild food production caused by invasion of the fol... - Estimated impact - Russian olive,What is the most severe impact to game species/wild food production caused by invasion of the fol... - Estimated impact - Scotch thistle,What is the most severe impact to game species/wild food production caused by invasion of the fol... - Estimated impact - Eastern redcedar,What is the most severe impact to game species/wild food production caused by invasion of the fol... - Estimated impact - Smooth brome,What is the most severe impact to game species/wild food production caused by invasion of the fol... - Uncertainty of estimate - Canada thistle,What is the most severe impact to game species/wild food production caused by invasion of the fol... - Uncertainty of estimate - Leafy spurge,What is the most severe impact to game species/wild food production caused by invasion of the fol... - Uncertainty of estimate - Musk thistle,What is the most severe impact to game species/wild food production caused by invasion of the fol... - Uncertainty of estimate - Plumeless thistle,What is the most severe impact to game species/wild food production caused by invasion of the fol... - Uncertainty of estimate - Sericea lespedeza,What is the most severe impact to game species/wild food production caused by invasion of the fol... - Uncertainty of estimate - Spotted and diffuse knapweed,What is the most severe impact to game species/wild food production caused by invasion of the fol... - Uncertainty of estimate - Russian olive,What is the most severe impact to game species/wild food production caused by invasion of the fol... - Uncertainty of estimate - Scotch thistle,What is the most severe impact to game species/wild food production caused by invasion of the fol... - Uncertainty of estimate - Eastern redcedar,What is the most severe impact to game species/wild food production caused by invasion of the fol... - Uncertainty of estimate - Smooth brome,What is the most severe impact to fresh water supply caused by invasion of the following species... - Estimated impact - Canada thistle,What is the most severe impact to fresh water supply caused by invasion of the following species... - Estimated impact - Leafy spurge,What is the most severe impact to fresh water supply caused by invasion of the following species... - Estimated impact - Musk thistle,What is the most severe impact to fresh water supply caused by invasion of the following species... - Estimated impact - Plumeless thistle,What is the most severe impact to fresh water supply caused by invasion of the following species... - Estimated impact - Sericea lespedeza,What is the most severe impact to fresh water supply caused by invasion of the following species... - Estimated impact - Spotted and diffuse knapweed,What is the most severe impact to fresh water supply caused by invasion of the following species... - Estimated impact - Russian olive,What is the most severe impact to fresh water supply caused by invasion of the following species... - Estimated impact - Scotch thistle,What is the most severe impact to fresh water supply caused by invasion of the following species... - Estimated impact - Eastern redcedar,What is the most severe impact to fresh water supply caused by invasion of the following species... - Estimated impact - Smooth brome,What is the most severe impact to fresh water supply caused by invasion of the following species... - Uncertainty of estimate - Canada thistle,What is the most severe impact to fresh water supply caused by invasion of the following species... - Uncertainty of estimate - Leafy spurge,What is the most severe impact to fresh water supply caused by invasion of the following species... - Uncertainty of estimate - Musk thistle,What is the most severe impact to fresh water supply caused by invasion of the following species... - Uncertainty of estimate - Plumeless thistle,What is the most severe impact to fresh water supply caused by invasion of the following species... - Uncertainty of estimate - Sericea lespedeza,What is the most severe impact to fresh water supply caused by invasion of the following species... - Uncertainty of estimate - Spotted and diffuse knapweed,What is the most severe impact to fresh water supply caused by invasion of the following species... - Uncertainty of estimate - Russian olive,What is the most severe impact to fresh water supply caused by invasion of the following species... - Uncertainty of estimate - Scotch thistle,What is the most severe impact to fresh water supply caused by invasion of the following species... - Uncertainty of estimate - Eastern redcedar,What is the most severe impact to fresh water supply caused by invasion of the following species... - Uncertainty of estimate - Smooth brome,What is the most severe impact to forest products production caused by invasion of the following... - Estimated impact - Canada thistle,What is the most severe impact to forest products production caused by invasion of the following... - Estimated impact - Leafy spurge,What is the most severe impact to forest products production caused by invasion of the following... - Estimated impact - Musk thistle,What is the most severe impact to forest products production caused by invasion of the following... - Estimated impact - Plumeless thistle,What is the most severe impact to forest products production caused by invasion of the following... - Estimated impact - Sericea lespedeza,What is the most severe impact to forest products production caused by invasion of the following... - Estimated impact - Spotted and diffuse knapweed,What is the most severe impact to forest products production caused by invasion of the following... - Estimated impact - Russian olive,What is the most severe impact to forest products production caused by invasion of the following... - Estimated impact - Scotch thistle,What is the most severe impact to forest products production caused by invasion of the following... - Estimated impact - Eastern redcedar,What is the most severe impact to forest products production caused by invasion of the following... - Estimated impact - Smooth Brome,What is the most severe impact to forest products production caused by invasion of the following... - Uncertainty of estimate - Canada thistle,What is the most severe impact to forest products production caused by invasion of the following... - Uncertainty of estimate - Leafy spurge,What is the most severe impact to forest products production caused by invasion of the following... - Uncertainty of estimate - Musk thistle,What is the most severe impact to forest products production caused by invasion of the following... - Uncertainty of estimate - Plumeless thistle,What is the most severe impact to forest products production caused by invasion of the following... - Uncertainty of estimate - Sericea lespedeza,What is the most severe impact to forest products production caused by invasion of the following... - Uncertainty of estimate - Spotted and diffuse knapweed,What is the most severe impact to forest products production caused by invasion of the following... - Uncertainty of estimate - Russian olive,What is the most severe impact to forest products production caused by invasion of the following... - Uncertainty of estimate - Scotch thistle,What is the most severe impact to forest products production caused by invasion of the following... - Uncertainty of estimate - Eastern redcedar,What is the most severe impact to forest products production caused by invasion of the following... - Uncertainty of estimate - Smooth Brome,What is the most severe impact to pollination caused by invasion of the following species in rang... - Estimated impact - Canada thistle,What is the most severe impact to pollination caused by invasion of the following species in rang... - Estimated impact - Leafy spurge,What is the most severe impact to pollination caused by invasion of the following species in rang... - Estimated impact - Musk thistle,What is the most severe impact to pollination caused by invasion of the following species in rang... - Estimated impact - Plumeless thistle,What is the most severe impact to pollination caused by invasion of the following species in rang... - Estimated impact - Sericea lespedeza,What is the most severe impact to pollination caused by invasion of the following species in rang... - Estimated impact - Spotted and diffuse knapweed,What is the most severe impact to pollination caused by invasion of the following species in rang... - Estimated impact - Russian olive,What is the most severe impact to pollination caused by invasion of the following species in rang... - Estimated impact - Scotch thistle,What is the most severe impact to pollination caused by invasion of the following species in rang... - Estimated impact - Eastern redcedar,What is the most severe impact to pollination caused by invasion of the following species in rang... - Estimated impact - Smooth brome,What is the most severe impact to pollination caused by invasion of the following species in rang... - Uncertainty of estimate - Canada thistle,What is the most severe impact to pollination caused by invasion of the following species in rang... - Uncertainty of estimate - Leafy spurge,What is the most severe impact to pollination caused by invasion of the following species in rang... - Uncertainty of estimate - Musk thistle,What is the most severe impact to pollination caused by invasion of the following species in rang... - Uncertainty of estimate - Plumeless thistle,What is the most severe impact to pollination caused by invasion of the following species in rang... - Uncertainty of estimate - Sericea lespedeza,What is the most severe impact to pollination caused by invasion of the following species in rang... - Uncertainty of estimate - Spotted and diffuse knapweed,What is the most severe impact to pollination caused by invasion of the following species in rang... - Uncertainty of estimate - Russian olive,What is the most severe impact to pollination caused by invasion of the following species in rang... - Uncertainty of estimate - Scotch thistle,What is the most severe impact to pollination caused by invasion of the following species in rang... - Uncertainty of estimate - Eastern redcedar,What is the most severe impact to pollination caused by invasion of the following species in rang... - Uncertainty of estimate - Smooth brome,What is the most severe impact to biodiversity caused by invasion of the following species in ran... - Estimated impact - Canada thistle,What is the most severe impact to biodiversity caused by invasion of the following species in ran... - Estimated impact - Leafy spurge,What is the most severe impact to biodiversity caused by invasion of the following species in ran... - Estimated impact - Musk thistle,What is the most severe impact to biodiversity caused by invasion of the following species in ran... - Estimated impact - Plumeless thistle,What is the most severe impact to biodiversity caused by invasion of the following species in ran... - Estimated impact - Sericea lespedeza,What is the most severe impact to biodiversity caused by invasion of the following species in ran... - Estimated impact - Spotted and diffuse knapweed,What is the most severe impact to biodiversity caused by invasion of the following species in ran... - Estimated impact - Russian olive,What is the most severe impact to biodiversity caused by invasion of the following species in ran... - Estimated impact - Scotch thistle,What is the most severe impact to biodiversity caused by invasion of the following species in ran... - Estimated impact - Eastern redcedar,What is the most severe impact to biodiversity caused by invasion of the following species in ran... - Estimated impact - Smooth brome,What is the most severe impact to biodiversity caused by invasion of the following species in ran... - Uncertainty of estimate - Canada thistle,What is the most severe impact to biodiversity caused by invasion of the following species in ran... - Uncertainty of estimate - Leafy spurge,What is the most severe impact to biodiversity caused by invasion of the following species in ran... - Uncertainty of estimate - Musk thistle,What is the most severe impact to biodiversity caused by invasion of the following species in ran... - Uncertainty of estimate - Plumeless thistle,What is the most severe impact to biodiversity caused by invasion of the following species in ran... - Uncertainty of estimate - Sericea lespedeza,What is the most severe impact to biodiversity caused by invasion of the following species in ran... - Uncertainty of estimate - Spotted and diffuse knapweed,What is the most severe impact to biodiversity caused by invasion of the following species in ran... - Uncertainty of estimate - Russian olive,What is the most severe impact to biodiversity caused by invasion of the following species in ran... - Uncertainty of estimate - Scotch thistle,What is the most severe impact to biodiversity caused by invasion of the following species in ran... - Uncertainty of estimate - Eastern redcedar,What is the most severe impact to biodiversity caused by invasion of the following species in ran... - Uncertainty of estimate - Smooth brome,What is the most severe impact to ecological integrity caused by invasion of the following specie... - Estimated impact - Canada thistle,What is the most severe impact to ecological integrity caused by invasion of the following specie... - Estimated impact - Leafy spurge,What is the most severe impact to ecological integrity caused by invasion of the following specie... - Estimated impact - Musk thistle,What is the most severe impact to ecological integrity caused by invasion of the following specie... - Estimated impact - Plumeless thistle,What is the most severe impact to ecological integrity caused by invasion of the following specie... - Estimated impact - Sericea lespedeza,What is the most severe impact to ecological integrity caused by invasion of the following specie... - Estimated impact - Spotted and diffuse knapweed,What is the most severe impact to ecological integrity caused by invasion of the following specie... - Estimated impact - Russian olive,What is the most severe impact to ecological integrity caused by invasion of the following specie... - Estimated impact - Scotch thistle,What is the most severe impact to ecological integrity caused by invasion of the following specie... - Estimated impact - Eastern redcedar,What is the most severe impact to ecological integrity caused by invasion of the following specie... - Estimated impact - Smooth brome,What is the most severe impact to ecological integrity caused by invasion of the following specie... - Uncertainty of estimate - Canada thistle,What is the most severe impact to ecological integrity caused by invasion of the following specie... - Uncertainty of estimate - Leafy spurge,What is the most severe impact to ecological integrity caused by invasion of the following specie... - Uncertainty of estimate - Musk thistle,What is the most severe impact to ecological integrity caused by invasion of the following specie... - Uncertainty of estimate - Plumeless thistle,What is the most severe impact to ecological integrity caused by invasion of the following specie... - Uncertainty of estimate - Sericea lespedeza,What is the most severe impact to ecological integrity caused by invasion of the following specie... - Uncertainty of estimate - Spotted and diffuse knapweed,What is the most severe impact to ecological integrity caused by invasion of the following specie... - Uncertainty of estimate - Russian olive,What is the most severe impact to ecological integrity caused by invasion of the following specie... - Uncertainty of estimate - Scotch thistle,What is the most severe impact to ecological integrity caused by invasion of the following specie... - Uncertainty of estimate - Eastern redcedar,What is the most severe impact to ecological integrity caused by invasion of the following specie... - Uncertainty of estimate - Smooth brome,What is the largest potential area that each species can become dominant and displace the majorit... - area - Canada thistle,What is the largest potential area that each species can become dominant and displace the majorit... - area - Leafy spurge,What is the largest potential area that each species can become dominant and displace the majorit... - area - Musk thistle,What is the largest potential area that each species can become dominant and displace the majorit... - area - Plumeless thistle,What is the largest potential area that each species can become dominant and displace the majorit... - area - Sericea lespedeza,What is the largest potential area that each species can become dominant and displace the majorit... - area - Spotted and diffuse knapweed,What is the largest potential area that each species can become dominant and displace the majorit... - area - Russian olive,What is the largest potential area that each species can become dominant and displace the majorit... - area - Scotch thistle,What is the largest potential area that each species can become dominant and displace the majorit... - area - Eastern redcedar,What is the largest potential area that each species can become dominant and displace the majorit... - area - Smooth brome,What is the largest potential area that each species can become dominant and displace the majorit... - uncertainty - Canada thistle,What is the largest potential area that each species can become dominant and displace the majorit... - uncertainty - Leafy spurge,What is the largest potential area that each species can become dominant and displace the majorit... - uncertainty - Musk thistle,What is the largest potential area that each species can become dominant and displace the majorit... - uncertainty - Plumeless thistle,What is the largest potential area that each species can become dominant and displace the majorit... - uncertainty - Sericea lespedeza,What is the largest potential area that each species can become dominant and displace the majorit... - uncertainty - Spotted and diffuse knapweed,What is the largest potential area that each species can become dominant and displace the majorit... - uncertainty - Russian olive,What is the largest potential area that each species can become dominant and displace the majorit... - uncertainty - Scotch thistle,What is the largest potential area that each species can become dominant and displace the majorit... - uncertainty - Eastern redcedar,What is the largest potential area that each species can become dominant and displace the majorit... - uncertainty - Smooth brome
"{""ImportId"":""startDate"",""timeZone"":""America/Denver""}","{""ImportId"":""endDate"",""timeZone"":""America/Denver""}","{""ImportId"":""status""}","{""ImportId"":""ipAddress""}","{""ImportId"":""progress""}","{""ImportId"":""duration""}","{""ImportId"":""finished""}","{""ImportId"":""recordedDate"",""timeZone"":""America/Denver""}","{""ImportId"":""_recordId""}","{""ImportId"":""recipientLastName""}","{""ImportId"":""recipientFirstName""}","{""ImportId"":""recipientEmail""}","{""ImportId"":""externalDataReference""}","{""ImportId"":""locationLatitude""}","{""ImportId"":""locationLongitude""}","{""ImportId"":""distributionChannel""}","{""ImportId"":""userLanguage""}","{""ImportId"":""QID26""}","{""ImportId"":""QID45_TEXT""}","{""ImportId"":""QID28#1_1""}","{""ImportId"":""QID28#1_2""}","{""ImportId"":""QID28#1_3""}","{""ImportId"":""QID28#1_4""}","{""ImportId"":""QID28#1_5""}","{""ImportId"":""QID28#1_6""}","{""ImportId"":""QID28#1_7""}","{""ImportId"":""QID28#1_8""}","{""ImportId"":""QID28#1_9""}","{""ImportId"":""QID28#1_13""}","{""ImportId"":""QID6#1_1""}","{""ImportId"":""QID6#1_2""}","{""ImportId"":""QID6#1_3""}","{""ImportId"":""QID6#1_4""}","{""ImportId"":""QID6#1_5""}","{""ImportId"":""QID6#1_6""}","{""ImportId"":""QID6#1_7""}","{""ImportId"":""QID6#1_8""}","{""ImportId"":""QID6#1_9""}","{""ImportId"":""QID6#1_13""}","{""ImportId"":""QID6#2_1""}","{""ImportId"":""QID6#2_2""}","{""ImportId"":""QID6#2_3""}","{""ImportId"":""QID6#2_4""}","{""ImportId"":""QID6#2_5""}","{""ImportId"":""QID6#2_6""}","{""ImportId"":""QID6#2_7""}","{""ImportId"":""QID6#2_8""}","{""ImportId"":""QID6#2_9""}","{""ImportId"":""QID6#2_13""}","{""ImportId"":""QID19#1_1""}","{""ImportId"":""QID19#1_2""}","{""ImportId"":""QID19#1_3""}","{""ImportId"":""QID19#1_4""}","{""ImportId"":""QID19#1_5""}","{""ImportId"":""QID19#1_6""}","{""ImportId"":""QID19#1_7""}","{""ImportId"":""QID19#1_8""}","{""ImportId"":""QID19#1_9""}","{""ImportId"":""QID19#1_13""}","{""ImportId"":""QID19#2_1""}","{""ImportId"":""QID19#2_2""}","{""ImportId"":""QID19#2_3""}","{""ImportId"":""QID19#2_4""}","{""ImportId"":""QID19#2_5""}","{""ImportId"":""QID19#2_6""}","{""ImportId"":""QID19#2_7""}","{""ImportId"":""QID19#2_8""}","{""ImportId"":""QID19#2_9""}","{""ImportId"":""QID19#2_13""}","{""ImportId"":""QID20#1_1""}","{""ImportId"":""QID20#1_2""}","{""ImportId"":""QID20#1_3""}","{""ImportId"":""QID20#1_4""}","{""ImportId"":""QID20#1_5""}","{""ImportId"":""QID20#1_6""}","{""ImportId"":""QID20#1_7""}","{""ImportId"":""QID20#1_8""}","{""ImportId"":""QID20#1_9""}","{""ImportId"":""QID20#1_13""}","{""ImportId"":""QID20#2_1""}","{""ImportId"":""QID20#2_2""}","{""ImportId"":""QID20#2_3""}","{""ImportId"":""QID20#2_4""}","{""ImportId"":""QID20#2_5""}","{""ImportId"":""QID20#2_6""}","{""ImportId"":""QID20#2_7""}","{""ImportId"":""QID20#2_8""}","{""ImportId"":""QID20#2_9""}","{""ImportId"":""QID20#2_13""}","{""ImportId"":""QID21#1_1""}","{""ImportId"":""QID21#1_2""}","{""ImportId"":""QID21#1_3""}","{""ImportId"":""QID21#1_4""}","{""ImportId"":""QID21#1_5""}","{""ImportId"":""QID21#1_6""}","{""ImportId"":""QID21#1_7""}","{""ImportId"":""QID21#1_8""}","{""ImportId"":""QID21#1_9""}","{""ImportId"":""QID21#1_13""}","{""ImportId"":""QID21#2_1""}","{""ImportId"":""QID21#2_2""}","{""ImportId"":""QID21#2_3""}","{""ImportId"":""QID21#2_4""}","{""ImportId"":""QID21#2_5""}","{""ImportId"":""QID21#2_6""}","{""ImportId"":""QID21#2_7""}","{""ImportId"":""QID21#2_8""}","{""ImportId"":""QID21#2_9""}","{""ImportId"":""QID21#2_13""}","{""ImportId"":""QID22#1_1""}","{""ImportId"":""QID22#1_2""}","{""ImportId"":""QID22#1_3""}","{""ImportId"":""QID22#1_4""}","{""ImportId"":""QID22#1_5""}","{""ImportId"":""QID22#1_6""}","{""ImportId"":""QID22#1_7""}","{""ImportId"":""QID22#1_8""}","{""ImportId"":""QID22#1_9""}","{""ImportId"":""QID22#1_13""}","{""ImportId"":""QID22#2_1""}","{""ImportId"":""QID22#2_2""}","{""ImportId"":""QID22#2_3""}","{""ImportId"":""QID22#2_4""}","{""ImportId"":""QID22#2_5""}","{""ImportId"":""QID22#2_6""}","{""ImportId"":""QID22#2_7""}","{""ImportId"":""QID22#2_8""}","{""ImportId"":""QID22#2_9""}","{""ImportId"":""QID22#2_13""}","{""ImportId"":""QID25#1_1""}","{""ImportId"":""QID25#1_2""}","{""ImportId"":""QID25#1_3""}","{""ImportId"":""QID25#1_4""}","{""ImportId"":""QID25#1_5""}","{""ImportId"":""QID25#1_6""}","{""ImportId"":""QID25#1_7""}","{""ImportId"":""QID25#1_8""}","{""ImportId"":""QID25#1_9""}","{""ImportId"":""QID25#1_13""}","{""ImportId"":""QID25#2_1""}","{""ImportId"":""QID25#2_2""}","{""ImportId"":""QID25#2_3""}","{""ImportId"":""QID25#2_4""}","{""ImportId"":""QID25#2_5""}","{""ImportId"":""QID25#2_6""}","{""ImportId"":""QID25#2_7""}","{""ImportId"":""QID25#2_8""}","{""ImportId"":""QID25#2_9""}","{""ImportId"":""QID25#2_13""}","{""ImportId"":""QID23#1_1""}","{""ImportId"":""QID23#1_2""}","{""ImportId"":""QID23#1_3""}","{""ImportId"":""QID23#1_4""}","{""ImportId"":""QID23#1_5""}","{""ImportId"":""QID23#1_6""}","{""ImportId"":""QID23#1_7""}","{""ImportId"":""QID23#1_8""}","{""ImportId"":""QID23#1_9""}","{""ImportId"":""QID23#1_13""}","{""ImportId"":""QID23#2_1""}","{""ImportId"":""QID23#2_2""}","{""ImportId"":""QID23#2_3""}","{""ImportId"":""QID23#2_4""}","{""ImportId"":""QID23#2_5""}","{""ImportId"":""QID23#2_6""}","{""ImportId"":""QID23#2_7""}","{""ImportId"":""QID23#2_8""}","{""ImportId"":""QID23#2_9""}","{""ImportId"":""QID23#2_13""}","{""ImportId"":""QID24#1_1""}","{""ImportId"":""QID24#1_2""}","{""ImportId"":""QID24#1_3""}","{""ImportId"":""QID24#1_4""}","{""ImportId"":""QID24#1_5""}","{""ImportId"":""QID24#1_6""}","{""ImportId"":""QID24#1_7""}","{""ImportId"":""QID24#1_8""}","{""ImportId"":""QID24#1_9""}","{""ImportId"":""QID24#1_13""}","{""ImportId"":""QID24#2_1""}","{""ImportId"":""QID24#2_2""}","{""ImportId"":""QID24#2_3""}","{""ImportId"":""QID24#2_4""}","{""ImportId"":""QID24#2_5""}","{""ImportId"":""QID24#2_6""}","{""ImportId"":""QID24#2_7""}","{""ImportId"":""QID24#2_8""}","{""ImportId"":""QID24#2_9""}","{""ImportId"":""QID24#2_13""}","{""ImportId"":""QID47#1_1""}","{""ImportId"":""QID47#1_2""}","{""ImportId"":""QID47#1_3""}","{""ImportId"":""QID47#1_4""}","{""ImportId"":""QID47#1_5""}","{""ImportId"":""QID47#1_6""}","{""ImportId"":""QID47#1_7""}","{""ImportId"":""QID47#1_8""}","{""ImportId"":""QID47#1_9""}","{""ImportId"":""QID47#1_13""}","{""ImportId"":""QID47#2_1""}","{""ImportId"":""QID47#2_2""}","{""ImportId"":""QID47#2_3""}","{""ImportId"":""QID47#2_4""}","{""ImportId"":""QID47#2_5""}","{""ImportId"":""QID47#2_6""}","{""ImportId"":""QID47#2_7""}","{""ImportId"":""QID47#2_8""}","{""ImportId"":""QID47#2_9""}","{""ImportId"":""QID47#2_13""}"
4/3/2019 10:21,4/3/2019 10:33,0,174.217.5.206,100,708,1,4/3/2019 10:33,R_1FfdPEMI40UiQL4,,,,,41.23379517,-96.04949951,anonymous,EN,1,,4,4,4,3,1,3,4,3,5,4,3,2,3,5,2,4,4,4,2,1,2,1,2,3,5,2,2,3,1,2,2,2,2,2,3,3,4,4,2,3,2,1,2,2,4,3,4,4,1,3,2,3,3,4,4,4,4,4,3,4,2,2,3,4,4,3,3,4,2,3,4,4,4,5,5,5,3,5,2,4,3,3,3,4,4,3,2,3,1,3,5,5,5,5,6,5,4,5,2,5,4,4,4,4,4,4,3,4,1,4,6,6,6,6,7,6,6,6,6,6,4,3,4,4,3,4,4,4,4,4,2,2,4,3,2,3,4,3,3,2,2,2,3,3,2,2,3,3,2,2,3,2,3,4,3,4,5,5,2,3,2,2,3,3,3,2,3,3,2,2,7,7,6,6,4,6,6,3,7,7,3,1,3,3,3,3,3,3,2,3
4/3/2019 10:26,4/3/2019 10:36,0,71.8.200.230,100,602,1,4/3/2019 10:36,R_3k1eaBeK3ECejVq,,,,,40.75140381,-99.12909698,anonymous,EN,1,,3,1,4,3,1,1,2,2,5,5,4,6,3,6,6,6,5,6,3,,,,,,,,,,,,5,6,4,6,6,6,5,5,3,4,,,,,,,,,,,5,6,5,6,6,6,4,6,4,4,,,,,,,,,,,5,6,5,5,6,6,6,5,6,5,,,,,,,,,,,6,6,5,6,6,6,5,6,5,5,,,,,,,,,,,7,6,7,6,6,6,6,6,6,6,,,,,,,,,,,,,,,,,,,,,,,,,,,,,,,5,6,5,6,6,6,5,6,5,5,,,,,,,,,,,6,1,7,1,1,1,6,1,4,7,,,,,,,,,,
4/3/2019 10:22,4/3/2019 10:37,0,174.217.5.73,100,914,1,4/3/2019 10:37,R_2ttcPvLCeUbmriN,,,,,41.23379517,-96.04949951,anonymous,EN,1,,5,5,4,3,3,4,3,4,5,,2,3,3,3,3,2,4,3,1,4,,,,,,,,,,,2,1,2,3,,3,4,4,2,4,,,,,3,,,,,,4,3,3,2,1,2,3,3,2,4,,,,,,,,,,,4,3,4,4,4,5,2,4,,4,,,,,,,,,4,,2,2,3,3,4,3,2,4,2,,,,,,,,,,,,4,4,4,4,4,5,2,5,4,,,,3,1,,,,,,,3,2,2,2,3,3,3,2,2,4,,,,,,,,,,,2,2,3,4,4,4,2,3,2,4,,,,,,,,,,,6,6,2,1,1,2,4,1,3,4,,,,,,,,,,
4/3/2019 10:21,4/3/2019 10:39,0,174.217.34.176,100,1086,1,4/3/2019 10:39,R_3JK5OaA8IdIx4Qs,,,,,41.26469421,-95.96389771,anonymous,EN,1,,5,2,5,3,2,2,4,1,4,2,1,2,1,3,2,4,4,2,2,4,2,2,2,3,4,2,2,2,2,4,2,3,1,5,3,4,4,4,3,4,3,3,3,3,3,3,3,3,3,3,3,3,3,4,3,4,4,3,7,4,3,3,3,3,3,3,3,3,3,3,4,4,4,5,5,4,2,4,3,5,3,3,3,3,3,3,3,3,3,3,5,3,4,5,5,6,7,6,9,7,3,3,3,3,3,3,3,3,3,3,8,7,8,8,6,7,5,8,6,6,2,2,2,2,3,2,3,2,3,3,3,2,1,5,1,4,4,2,1,2,2,3,2,3,3,3,3,3,3,3,3,4,3,4,3,5,4,3,3,4,3,3,3,3,3,3,3,3,3,3,9,7,9,3,6,4,6,6,8,8,4,4,3,3,3,3,3,3,3,3
4/3/2019 10:24,4/3/2019 10:39,0,174.217.20.227,100,882,1,4/3/2019 10:39,R_1pMwazFiaHWcfwB,,,,,41.21200562,-96.11009979,anonymous,EN,1,,5,5,5,2,2,2,4,3,5,5,5,5,5,6,6,6,6,6,8,6,3,2,3,1,1,1,1,1,4,1,5,4,5,6,6,6,6,6,8,6,1,1,1,1,3,3,1,3,1,1,6,5,5,6,6,6,6,6,8,6,1,1,1,1,1,2,2,1,1,1,5,5,5,6,6,6,6,6,8,6,1,1,1,1,1,1,1,1,1,1,6,6,6,6,6,6,6,6,8,6,1,1,1,1,1,1,1,1,1,1,6,5,5,6,6,6,6,6,7,6,1,1,1,1,2,1,2,2,1,1,5,7,7,6,6,6,6,6,5,6,2,2,2,1,2,2,2,2,2,1,5,4,4,5,4,4,5,4,5,4,2,1,2,1,2,2,2,2,1,2,4,4,4,4,4,4,6,4,4,6,1,1,1,1,3,3,1,1,1,2
4/3/2019 10:22,4/3/2019 10:40,0,174.217.22.116,100,1039,1,4/3/2019 10:40,R_2duSJvjEiXkz69R,,,,,41.26570129,-95.9960022,anonymous,EN,1,,4,4,3,3,2,2,3,1,4,4,3,2,2,3,2,4,5,3,4,2,4,4,4,2,2,2,4,1,3,3,2,2,2,3,3,3,5,5,3,2,4,3,4,2,1,2,2,1,3,4,3,5,3,4,4,5,5,5,4,2,3,3,3,3,2,1,3,1,3,4,6,6,6,6,6,6,6,6,6,6,3,3,3,3,3,3,3,3,3,3,6,6,6,6,6,6,6,6,6,6,1,1,1,1,1,1,1,1,1,1,8,6,8,8,8,6,8,8,6,3,2,1,2,2,2,1,2,2,3,2,2,2,3,2,3,6,5,3,2,2,3,3,2,3,1,1,2,2,3,3,2,2,2,2,2,4,4,3,3,2,3,2,3,3,3,1,2,1,3,3,3,6,3,3,6,3,2,3,4,4,3,3,3,2,3,1,2,1,3,3
4/3/2019 10:23,4/3/2019 10:40,0,71.8.200.230,100,1042,1,4/3/2019 10:40,R_3nSqHD7IFqbX7so,,,,,40.75140381,-99.12909698,anonymous,EN,1,,4,4,4,3,2,2,2,4,3,3,1,2,3,3,6,5,5,4,1,1,4,4,4,3,1,2,2,3,4,4,2,2,3,3,,,,3,3,6,3,3,3,3,,,,3,3,2,6,5,7,7,6,6,6,6,7,6,2,3,3,2,1,2,1,3,2,2,6,6,6,6,6,6,5,6,6,6,2,2,2,2,2,2,2,2,2,2,6,5,6,6,6,6,6,6,7,6,2,2,2,2,2,2,2,2,2,2,7,7,7,7,6,6,6,7,6,5,2,2,2,2,1,2,1,2,1,2,4,4,5,5,5,5,5,5,4,1,3,3,3,3,1,1,1,3,2,2,6,6,6,6,6,6,6,6,6,6,1,1,1,1,1,1,1,1,1,1,7,9,7,3,5,3,5,3,6,10,3,3,3,3,1,3,2,3,3,3
4/3/2019 10:27,4/3/2019 10:40,0,71.8.200.230,100,815,1,4/3/2019 10:40,R_3lyOM2DrYYiiYBZ,,,,,40.75140381,-99.12909698,anonymous,EN,1,,2,3,3,1,1,1,3,2,4,4,5,2,3,6,6,6,5,6,3,3,2,2,2,2,2,2,2,2,2,2,5,3,4,6,6,6,5,6,3,4,2,2,2,2,2,2,2,1,2,2,5,3,3,6,6,6,5,6,3,3,2,2,2,2,2,2,3,2,3,3,5,3,4,6,6,6,3,6,3,3,3,2,3,2,2,2,3,2,3,3,5,3,4,6,6,6,4,6,2,3,3,4,3,2,2,2,3,2,4,3,5,3,4,6,6,6,5,6,3,3,3,3,2,2,2,2,3,2,3,2,5,2,2,6,6,6,4,6,2,2,3,2,3,2,2,2,3,2,2,2,4,2,3,6,6,6,4,6,3,3,3,3,3,2,2,2,2,2,3,3,4,4,4,4,4,4,5,4,4,4,2,3,3,3,2,3,3,3,2,2
4/3/2019 10:33,4/3/2019 10:41,0,174.217.30.2,100,473,1,4/3/2019 10:41,R_12qYFKOv3RgFckF,,,,,41.29490662,-96.05460358,anonymous,EN,1,,4,1,3,1,1,1,2,1,2,1,,,,,,,,,,,,,,,,,,,,,,,,,,,,,,,,,,,,,,,,,,,,,,,,,,,,,,,,,,,,,,,,,,,,,,,,,,,,,,,,,,,,,,,,,,,,,,,,,,,,,,,,,,,,,,,,,,,,,,,,,,,,,,,,,,,,,,,,,,,,,,,,,,,,,,,,,,,,,,,,,,,,,,,,,,,,,,,,,,,,
4/3/2019 10:23,4/3/2019 10:42,0,174.217.14.166,100,1126,1,4/3/2019 10:42,R_3fy3mT9l8VbPecP,,,,,41.20930481,-96.05480194,anonymous,EN,1,,5,5,5,4,5,2,3,3,3,2,4,3,4,5,4,4,4,5,4,4,3,4,3,3,3,2,2,3,3,3,5,3,5,5,4,5,5,5,3,5,3,4,3,3,3,3,2,2,3,3,4,4,5,5,5,5,5,5,5,5,2,2,2,2,2,2,3,2,2,2,5,5,5,5,5,5,4,5,4,5,2,2,2,2,2,2,2,2,3,2,5,5,5,5,5,5,4,5,5,5,3,3,2,3,3,3,2,3,3,3,5,5,5,5,5,5,5,5,5,5,2,3,2,2,2,2,3,3,2,2,3,3,4,4,3,3,3,3,3,4,2,2,2,2,2,2,2,2,2,2,3,2,4,4,3,3,3,3,3,4,2,3,2,2,2,2,2,2,2,2,10,10,9,10,10,8,8,8,10,8,2,2,2,2,2,2,2,2,2,2
4/3/2019 10:26,4/3/2019 10:42,0,174.217.18.149,100,1008,1,4/3/2019 10:42,R_1jk85W305Nnpptl,,,,,40.83920288,-96.65319824,anonymous,EN,1,,3,4,4,3,3,3,4,4,2,3,4,5,5,4,5,4,4,5,8,5,2,2,2,2,2,2,2,2,2,2,4,5,5,5,6,5,4,5,6,6,2,2,2,2,1,1,3,2,2,2,4,5,5,5,5,5,4,5,5,5,3,2,2,2,2,2,3,2,2,2,5,5,5,5,5,5,5,5,5,5,2,2,2,2,2,2,2,2,2,2,5,5,5,6,5,5,5,5,4,5,3,2,3,2,2,2,2,3,2,3,5,5,5,5,5,4,4,5,5,5,2,2,2,2,2,2,3,2,2,2,7,7,7,7,7,7,6,7,6,6,2,2,2,2,2,2,2,2,2,2,5,5,5,5,5,5,4,5,6,6,2,2,2,2,2,2,2,2,2,2,6,6,6,4,6,5,8,4,2,7,3,3,3,3,3,3,3,3,3,3
4/3/2019 10:24,4/3/2019 10:42,0,174.217.5.54,100,1133,1,4/3/2019 10:42,R_2ah1TGKC3FmwXDr,,,,,41.23379517,-96.04949951,anonymous,EN,1,,4,3,4,2,2,2,3,2,4,3,5,3,3,6,6,6,5,6,3,6,3,3,3,3,2,3,2,2,3,2,5,5,4,6,6,6,6,6,3,6,3,3,3,3,3,2,3,3,3,2,5,5,3,5,6,6,5,6,3,6,3,3,3,3,2,3,3,3,3,3,5,5,4,6,6,6,4,6,3,6,3,3,3,3,3,3,3,3,3,3,5,5,5,6,6,5,3,6,3,6,3,3,2,2,2,2,2,3,2,3,7,8,8,6,6,6,8,6,8,6,3,2,3,3,3,2,3,2,3,2,5,5,4,6,6,6,4,6,3,6,2,2,3,3,3,3,3,3,3,3,4,4,3,6,6,6,5,6,3,6,3,3,3,2,2,3,3,3,3,3,3,3,6,1,1,1,5,1,6,1,3,2,2,2,2,2,2,3,3,2
4/3/2019 10:22,4/3/2019 10:43,0,174.217.25.96,100,1299,1,4/3/2019 10:43,R_3k09ZklyVcPuqz2,,,,,41.23269653,-96.11380005,anonymous,EN,1,,5,5,5,3,4,3,3,3,5,3,1,2,4,5,4,4,4,5,1,1,5,5,5,3,4,4,4,4,4,4,1,2,4,4,4,4,3,4,1,1,5,5,4,4,4,4,3,2,5,4,2,3,4,5,6,5,5,5,4,2,4,5,4,4,4,4,4,4,3,3,3,4,5,5,6,6,4,6,3,7,5,5,4,4,3,3,4,3,4,4,6,6,6,6,6,6,3,6,7,6,4,4,4,4,4,4,3,4,4,4,8,7,8,7,7,7,7,7,2,2,4,4,4,4,4,3,3,3,4,4,1,1,2,4,1,4,2,4,1,1,5,5,5,4,5,4,3,4,5,5,1,1,4,3,3,3,3,4,1,1,5,5,4,4,4,4,4,4,5,5,9,9,9,8,5,8,9,8,10,10,5,5,4,4,4,4,4,3,4,5
4/3/2019 10:22,4/3/2019 10:44,0,174.217.4.244,100,1306,1,4/3/2019 10:44,R_DOFZO7Rupimnmmd,,,,,41.27560425,-96.24310303,anonymous,EN,1,,4,3,5,3,2,3,1,1,2,2,3,2,2,3,3,3,3,4,3,3,3,2,2,3,5,3,5,3,4,5,3,3,3,4,2,1,4,3,6,6,3,3,2,2,4,2,5,3,5,5,5,7,4,5,5,4,6,5,6,7,5,5,5,5,5,5,5,5,5,5,5,5,5,5,5,5,5,6,3,6,5,5,5,5,5,5,5,5,4,5,6,6,6,6,6,5,6,6,5,6,5,5,5,5,5,5,5,5,5,5,7,8,8,7,6,8,6,7,6,6,5,5,3,4,5,4,5,5,4,5,5,4,5,5,5,5,6,5,5,6,5,5,5,5,5,5,5,5,5,5,5,3,3,4,4,3,5,4,4,5,5,5,4,5,5,5,5,4,5,5,6,10,6,5,6,3,2,2,2,,,,,,,,,,,5
4/3/2019 10:27,4/3/2019 10:45,0,174.217.22.248,100,1033,1,4/3/2019 10:45,R_Wl14UuoH274B98l,,,,,41.26570129,-95.9960022,anonymous,EN,1,,2,4,4,2,3,2,1,1,2,2,3,3,3,5,3,5,5,5,3,2,2,3,3,4,3,3,4,3,3,2,4,3,3,4,3,3,5,5,3,4,3,3,3,2,3,2,3,2,3,3,5,2,3,5,4,5,5,5,4,4,3,3,2,3,4,3,3,3,2,3,4,4,5,6,5,5,4,6,5,6,2,3,4,4,3,4,3,1,3,3,5,5,5,3,5,6,3,5,3,4,3,3,3,3,5,4,4,4,3,3,5,5,3,6,4,5,4,5,4,6,4,4,2,2,2,3,4,3,4,5,3,3,4,5,4,4,5,5,4,4,3,2,3,4,4,4,5,4,4,3,4,3,5,4,4,5,3,5,4,4,2,2,3,3,5,4,3,4,2,4,5,4,4,8,4,2,5,8,6,4,4,3,4,4,2,4,4,5,4,2
4/3/2019 10:31,4/3/2019 10:45,0,174.217.26.6,100,813,1,4/3/2019 10:45,R_4O3zJFPnoLZsrux,,,,,41.2131958,-96.16680145,anonymous,EN,1,,4,4,4,4,3,2,2,4,4,4,5,3,3,5,4,4,5,5,2,1,,,,,,,,,,,5,4,4,5,4,4,4,5,3,1,,,,,,,,3,,,4,3,3,6,5,4,4,5,3,1,,,,,2,,,,,,5,5,4,5,4,5,2,6,3,2,,,,,,,,,,,5,6,5,5,5,6,2,5,2,4,,,,,,,,,,,6,6,7,6,6,6,6,6,3,6,,,,,,,,,,,2,2,4,4,2,3,2,5,1,1,,,,,,,,,,,2,2,4,5,2,2,2,5,1,1,,,,,,,,,,,3,6,4,4,6,6,6,3,8,6,,,,,,,,,,
4/3/2019 10:31,4/3/2019 10:46,0,71.8.200.230,100,894,1,4/3/2019 10:46,R_2pMMdOBdAuGV8iP,,,,,40.75140381,-99.12909698,anonymous,EN,1,,4,5,4,2,2,4,2,2,3,2,4,3,4,5,6,4,4,4,4,6,3,4,3,2,4,3,2,2,3,1,4,3,4,4,4,4,5,5,4,6,3,5,3,2,2,3,2,2,3,1,4,5,4,4,6,5,6,6,5,6,2,2,3,2,1,3,1,2,2,1,3,4,4,5,4,5,4,5,4,6,3,3,3,2,1,3,2,2,3,1,5,3,4,6,6,4,5,5,3,6,3,4,4,1,1,3,2,3,4,1,4,5,4,6,4,4,4,6,3,6,3,3,2,1,2,3,2,1,3,1,3,4,4,6,6,4,3,5,4,6,3,4,3,1,1,3,2,2,4,1,,,,,,,,,,,,,,,,,,,,,,,,,,,,,,,,,,,,,,,,
4/3/2019 10:28,4/3/2019 10:46,0,199.47.65.165,100,1049,1,4/3/2019 10:46,R_31Noqxwqj9ns6Np,,,,,40.8618927,-99.99210358,anonymous,EN,1,,2,2,2,2,2,2,3,2,3,2,5,5,5,5,4,5,4,5,4,5,,,,,,,,,,,5,5,5,5,5,5,5,5,4,5,,,,,,,,,,,,,,,,,,,4,,3,3,3,3,3,3,3,3,,3,,,,,,,,,,,2,2,2,2,3,3,2,3,3,3,,,,,,,,,4,,2,2,2,2,2,2,2,2,,2,,,,,,,,,,,3,3,3,3,3,3,3,3,3,3,,,,,,,,,,,3,3,3,3,3,3,3,3,3,3,,,,,,,,,,,3,3,3,3,3,3,3,3,3,3,6,6,4,3,3,3,6,4,6,4,,,,,,,,,,
4/3/2019 10:21,4/3/2019 10:46,0,71.8.200.230,100,1542,1,4/3/2019 10:46,R_2QA1YBqMA435nye,,,,,40.75140381,-99.12909698,anonymous,EN,1,,2,3,3,2,2,1,2,1,3,2,2,3,2,3,2,3,4,3,1,4,2,3,3,2,2,1,2,1,3,2,3,4,3,3,5,3,2,3,2,5,2,2,3,2,2,1,2,2,3,3,4,4,4,5,4,4,3,5,3,5,2,2,2,4,2,5,4,4,4,4,5,5,5,5,5,5,3,5,5,6,3,4,2,3,3,4,3,3,3,4,5,5,6,5,4,5,4,5,3,6,4,3,2,4,4,4,3,4,3,3,7,6,7,7,7,7,6,7,6,6,3,2,2,2,4,2,3,4,3,2,2,2,3,2,3,4,3,3,2,4,2,2,2,2,3,4,3,3,2,3,3,4,4,4,4,4,3,4,2,4,4,4,3,3,3,4,3,3,3,3,6,3,4,4,6,4,5,3,6,3,2,3,3,3,3,4,2,3,2,3
4/3/2019 10:21,4/3/2019 10:47,0,71.8.200.230,100,1551,1,4/3/2019 10:47,R_piL8AX64xb85gAN,,,,,40.75140381,-99.12909698,anonymous,EN,1,,1,2,4,1,3,2,1,1,1,1,,3,2,,3,3,,,,,5,3,3,5,3,4,5,5,5,5,,3,2,,3,3,,,,,5,3,3,5,3,3,5,5,5,5,,3,2,,3,4,,,,,5,3,2,5,3,4,5,5,5,5,,5,5,,4,5,,,2,,5,3,3,5,3,3,5,5,4,5,,4,5,,5,5,,,,,5,3,3,5,3,3,5,5,5,5,,3,5,,4,4,,,,,5,3,3,5,3,3,5,5,5,5,,3,3,,3,4,,,,,5,3,3,5,3,3,5,5,5,5,,,,,,,,,,,5,3,3,5,3,3,5,5,5,5,4,,,,,3,,,,,5,,,,,,5,5,5,5
4/3/2019 10:28,4/3/2019 10:47,0,174.217.8.86,100,1107,1,4/3/2019 10:47,R_2EpdmTwQUOYh06S,,,,,41.15229797,-96.03710175,anonymous,EN,1,,2,3,3,1,1,1,1,2,4,3,5,7,7,6,6,6,6,6,3,7,2,2,2,1,1,1,1,1,3,2,5,7,7,6,6,6,6,6,4,7,2,2,2,1,1,1,1,1,3,2,7,7,7,6,6,6,6,6,3,7,3,2,2,1,1,1,1,1,3,2,7,7,7,6,6,6,6,6,3,7,2,1,2,1,1,1,1,1,3,2,7,7,7,6,6,6,6,6,3,7,2,2,2,1,1,1,1,1,3,2,7,7,7,6,6,6,6,7,3,7,3,3,3,1,1,1,1,3,3,3,7,7,7,6,6,6,6,6,3,7,3,3,1,1,1,1,1,1,3,3,7,7,7,6,6,6,6,6,3,5,3,3,3,1,1,1,1,1,3,3,2,4,4,1,1,1,1,1,3,3,3,3,3,2,1,3,4,3,3,3
4/3/2019 10:31,4/3/2019 10:47,0,71.8.200.230,100,955,1,4/3/2019 10:47,R_wWRKPKsKSbr9hzr,,,,,40.75140381,-99.12909698,anonymous,EN,1,,2,2,2,1,1,1,2,1,3,1,5,5,5,6,6,6,6,6,5,5,2,2,2,1,1,1,1,1,2,2,5,5,5,6,6,6,5,6,5,5,2,2,2,1,1,1,2,1,2,2,5,6,5,5,6,6,5,6,5,5,2,1,2,1,1,1,2,1,2,2,5,5,5,6,6,6,5,6,5,5,2,2,2,1,1,1,2,1,2,2,5,6,6,6,6,6,5,6,5,5,2,1,2,1,1,1,2,1,2,2,5,5,5,6,6,6,5,6,5,5,2,1,1,1,1,1,2,1,2,2,5,5,5,6,6,6,5,6,5,5,2,2,2,1,1,1,2,1,2,2,5,5,5,6,6,6,5,6,5,5,2,2,2,1,1,1,2,1,2,2,4,2,4,4,4,1,5,2,6,4,2,2,2,2,2,2,2,2,2,2
4/3/2019 10:29,4/3/2019 10:47,0,174.217.23.243,100,1063,1,4/3/2019 10:47,R_4YsfxLDQ7vZ8IOB,,,,,41.23379517,-96.04949951,anonymous,EN,1,,4,4,4,4,4,3,3,3,4,2,5,4,4,5,4,5,5,4,3,4,2,2,2,2,2,2,2,3,2,4,5,4,5,5,4,5,5,4,3,4,2,2,2,2,2,3,2,3,2,4,7,6,7,6,7,6,6,7,5,7,2,2,2,3,2,3,3,3,3,4,6,6,6,6,6,6,5,6,4,6,1,1,1,2,1,1,3,3,2,4,6,6,6,6,6,6,5,6,3,6,2,2,2,2,2,2,3,2,2,3,7,5,7,6,7,5,5,7,4,5,2,3,2,2,2,2,2,2,2,3,5,4,5,6,4,5,5,5,4,3,2,2,2,2,2,2,2,2,2,3,5,4,4,5,4,5,5,4,4,3,2,2,2,2,3,2,2,2,2,3,3,6,6,2,6,4,3,6,10,6,2,1,2,2,2,1,2,2,1,3
4/3/2019 10:22,4/3/2019 10:47,0,71.8.200.230,100,1509,1,4/3/2019 10:48,R_1gUXshINwLUT2wn,,,,,40.75140381,-99.12909698,anonymous,EN,1,,5,4,5,3,2,3,2,3,3,3,2,1,4,3,6,4,5,4,2,1,2,1,3,4,2,3,5,2,1,1,3,1,5,4,7,3,7,4,5,1,3,1,2,3,5,2,1,3,1,1,3,1,7,4,6,4,7,5,9,1,3,1,3,2,3,3,3,3,2,1,6,5,6,6,6,6,3,5,3,6,2,3,1,1,1,2,3,3,3,2,6,6,6,6,6,6,3,6,1,6,2,1,3,1,3,1,2,1,2,2,10,7,10,7,7,7,5,8,4,1,1,3,1,2,2,2,2,3,1,1,1,1,2,1,1,1,8,2,8,1,1,1,3,1,1,1,1,2,1,1,3,1,4,3,7,3,4,4,5,2,2,1,2,2,2,2,3,2,2,3,3,7,6,5,4,2,2,2,4,5,2,1,3,1,2,5,2,1,1,1
4/3/2019 10:30,4/3/2019 10:49,0,174.217.11.123,100,1118,1,4/3/2019 10:49,R_21mN6VMg9zvkusG,,,,,41.62440491,-93.66940308,anonymous,EN,1,,4,3,4,2,2,2,4,4,3,3,4,4,5,5,4,5,4,5,4,4,,,,,,,,,,,4,4,3,5,5,5,5,4,4,4,3,3,3,2,2,2,2,3,3,3,5,5,5,6,5,5,5,5,4,5,2,2,2,1,2,2,2,2,3,3,5,5,5,5,5,6,5,5,5,5,2,2,2,2,2,1,2,2,2,2,5,5,5,5,5,5,4,5,4,5,2,2,2,2,2,2,3,2,3,2,5,5,5,5,5,5,5,5,6,5,2,2,2,2,2,2,2,2,1,2,5,4,5,6,5,5,4,5,4,4,2,2,2,1,2,2,3,2,3,3,5,4,5,6,5,5,5,5,4,4,2,3,2,1,2,2,2,2,3,3,3,6,5,3,4,3,4,3,3,4,3,4,3,3,3,3,3,3,4,3
4/3/2019 9:30,4/3/2019 10:49,0,71.8.200.230,100,4706,1,4/3/2019 10:49,R_cVkrawD9AAd7hmN,,,,,40.75140381,-99.12909698,anonymous,EN,1,,5,5,5,3,3,3,4,5,5,3,3,1,3,4,3,4,5,3,4,4,2,1,2,3,4,3,3,2,3,4,4,2,4,3,3,4,5,4,3,5,3,2,2,3,3,4,2,3,2,4,4,3,4,5,5,5,5,4,6,4,3,2,3,4,4,3,4,3,2,5,6,6,6,6,6,6,2,6,6,6,2,2,2,2,2,2,2,2,2,2,6,6,6,6,6,6,2,6,2,6,3,3,3,3,3,3,2,3,2,3,6,5,6,6,6,6,6,6,5,5,4,4,4,4,4,4,4,4,4,4,2,1,2,2,2,2,4,2,2,2,2,2,2,2,2,2,3,2,2,2,2,2,2,2,3,2,4,2,3,3,2,2,2,2,2,2,3,2,3,3,9,10,7,7,7,7,2,7,7,10,2,2,2,3,2,3,3,2,2,2
4/3/2019 10:31,4/3/2019 10:50,0,71.8.200.230,100,1127,1,4/3/2019 10:50,R_1IoU0lxIPpxVKm1,,,,,40.75140381,-99.12909698,anonymous,EN,1,,3,4,4,1,1,1,1,2,3,2,4,4,4,5,4,4,4,5,2,4,2,2,2,4,2,3,2,4,1,1,4,3,3,5,3,5,5,5,2,3,2,2,2,3,2,2,2,2,1,3,5,3,6,6,4,6,4,4,2,3,4,2,3,3,3,3,3,3,1,3,4,4,6,6,6,6,6,6,5,5,3,3,3,3,3,3,3,3,3,3,5,6,5,5,6,4,4,6,3,6,3,3,3,3,3,3,3,3,3,3,6,5,5,6,4,5,6,5,3,3,3,3,3,3,3,3,3,3,3,3,5,5,4,5,4,5,5,5,4,4,3,3,3,3,3,3,3,4,3,3,5,4,4,5,5,5,5,5,3,3,3,3,3,3,3,3,3,3,3,3,4,6,6,4,6,6,6,4,6,6,3,3,3,3,3,3,3,3,3,3
4/3/2019 10:33,4/3/2019 10:53,0,71.8.200.230,100,1198,1,4/3/2019 10:53,R_0TAhyBVfz0YW4Sd,,,,,40.75140381,-99.12909698,anonymous,EN,1,,5,5,5,5,5,5,2,2,3,5,2,1,1,5,2,2,4,4,3,3,4,5,3,2,5,3,3,2,4,2,1,1,2,2,1,5,3,5,2,5,5,5,4,4,5,3,4,2,4,2,5,3,4,6,4,6,5,6,5,6,2,3,3,1,3,1,2,1,4,1,6,6,6,6,6,6,6,6,4,6,2,3,3,1,3,1,3,1,4,2,3,4,4,4,4,6,4,6,3,6,3,3,3,3,3,1,3,3,3,3,3,4,5,5,5,6,6,6,4,5,3,4,3,3,3,3,2,2,3,2,4,4,4,5,4,6,6,6,4,6,3,4,3,2,3,1,2,1,3,1,5,4,5,6,5,6,6,6,5,6,2,2,2,1,3,2,2,2,3,2,8,3,2,8,3,7,8,4,3,7,,,,,,,,,,
4/3/2019 10:23,4/3/2019 10:53,0,71.8.200.230,100,1804,1,4/3/2019 10:53,R_1QKsG05c8NHaAk2,,,,,40.75140381,-99.12909698,anonymous,EN,1,,3,2,4,1,2,1,3,1,4,2,5,5,4,6,5,6,5,6,4,5,3,2,3,1,3,1,2,1,3,2,5,5,4,6,5,6,5,6,4,8,3,3,3,1,2,1,2,1,3,3,5,6,5,6,6,6,7,6,7,7,3,1,3,1,1,1,2,1,3,2,6,6,6,6,6,6,6,6,5,6,1,1,1,1,1,1,1,1,3,1,6,6,6,6,6,6,6,6,6,6,1,1,1,1,1,1,1,1,1,1,7,6,7,6,6,6,6,6,6,6,2,1,3,1,1,1,1,1,1,1,5,5,5,6,6,6,6,6,4,5,3,2,2,1,1,1,1,1,3,2,5,5,5,6,6,6,5,6,5,5,3,3,3,1,1,1,2,1,2,3,7,4,7,1,1,1,7,1,4,7,3,2,3,1,1,1,2,1,3,3
4/3/2019 10:30,4/3/2019 10:53,0,71.8.200.230,100,1390,1,4/3/2019 10:53,R_1DAyEBD1NcjeNNO,,,,,40.75140381,-99.12909698,anonymous,EN,1,,4,4,4,2,2,4,4,2,4,4,3,2,3,,,4,4,5,1,1,1,2,2,5,5,2,1,5,1,1,3,1,2,,,4,3,,1,1,4,2,4,1,1,2,2,1,4,2,2,2,2,5,,4,3,4,1,1,2,2,2,4,5,2,2,4,2,2,6,5,5,6,6,6,4,6,4,6,2,2,2,4,4,4,2,2,2,3,5,3,2,6,6,6,4,6,2,5,2,2,2,2,4,2,2,4,2,2,7,7,7,7,5,7,7,7,4,5,3,3,3,3,3,3,3,3,3,3,3,2,5,5,6,7,4,5,3,2,2,2,2,2,2,2,2,2,2,3,5,6,6,6,5,6,5,6,5,5,3,3,3,3,3,3,3,3,3,3,9,5,9,5,1,9,8,9,9,9,3,3,3,3,3,3,3,3,3,3
4/3/2019 10:28,4/3/2019 10:54,0,174.217.25.70,100,1554,1,4/3/2019 10:54,R_2lX8TqwiLWUFnu9,,,,,41.23269653,-96.11380005,anonymous,EN,1,,4,3,4,3,3,3,3,2,3,2,3,2,3,4,3,4,5,4,2,3,3,4,4,3,3,2,2,2,3,2,3,2,3,4,3,4,5,3,3,4,3,3,4,2,3,2,2,2,4,2,5,5,4,5,4,5,6,5,4,5,3,2,3,2,3,2,3,3,3,3,5,4,5,5,4,5,3,5,5,4,3,3,3,3,3,3,3,3,3,3,5,5,5,5,5,5,4,5,4,4,3,3,3,3,3,3,3,3,3,3,5,5,5,5,5,5,5,5,6,6,3,3,3,3,3,3,3,3,3,3,,,,,,,,,,,,,,,,,,,,,,,,,,,,,,,,,,,,,,,,,,,3,,,,10,2,,,,,3,,,,,3,,
4/3/2019 10:34,4/3/2019 10:54,0,71.8.200.230,100,1201,1,4/3/2019 10:54,R_1HdDwVhpMVY1N2x,,,,,40.75140381,-99.12909698,anonymous,EN,1,,5,5,5,5,5,5,4,3,5,5,5,2,3,3,2,4,2,4,1,1,3,5,5,5,4,3,4,3,4,5,5,2,2,3,2,3,2,4,1,1,3,5,5,3,3,4,4,3,5,5,3,3,3,3,3,3,2,3,3,4,2,2,2,2,2,2,2,2,4,2,5,3,4,4,5,4,3,5,2,4,2,2,3,3,2,2,3,2,3,2,5,5,5,5,4,5,3,5,4,5,2,2,2,3,2,2,2,2,2,3,3,3,4,4,3,4,3,5,2,3,4,2,3,2,3,2,3,2,2,4,4,3,4,4,3,3,2,4,2,4,2,2,2,2,3,4,5,5,3,4,4,3,3,4,3,3,2,5,2,4,3,3,3,3,4,2,4,2,4,4,3,3,3,3,3,3,8,3,10,3,2,2,4,2,2,3,5,3,4,5
4/3/2019 10:30,4/3/2019 10:55,0,174.217.4.165,100,1445,1,4/3/2019 10:55,R_DOVXhpZUrV0m5Xj,,,,,41.27560425,-96.24310303,anonymous,EN,1,,5,5,5,1,1,1,3,1,5,1,2,2,2,6,6,6,6,6,2,6,1,1,1,1,1,1,1,3,1,3,2,2,2,6,6,6,5,6,2,6,1,1,1,1,1,1,1,1,1,4,8,8,8,6,6,6,8,6,4,6,3,1,3,2,1,1,3,1,3,3,3,4,4,6,6,6,2,6,2,6,2,3,2,2,3,1,1,2,2,2,6,6,6,6,6,6,10,6,10,6,3,3,3,3,3,3,1,3,1,3,10,10,10,10,10,10,6,10,6,6,1,1,1,1,1,1,1,1,1,1,3,3,3,3,3,3,3,3,3,3,3,3,3,3,3,3,3,3,3,3,2,2,2,3,3,3,3,3,2,4,1,1,1,3,3,3,4,3,1,3,2,4,3,2,2,2,1,2,4,2,1,1,1,3,3,3,1,3,1,3
4/3/2019 10:43,4/3/2019 10:55,0,174.217.15.217,100,702,1,4/3/2019 10:55,R_296YOoKEYpdYdbd,,,,,41.20410156,-95.96440125,anonymous,EN,1,,3,2,3,1,2,1,3,1,4,3,5,6,4,6,6,6,5,6,5,6,,,,,,,1,,,,5,6,5,6,6,6,5,6,5,5,,,,,,,,,,,6,6,5,6,6,6,5,6,5,6,1,,,,,,,,,,6,6,5,5,6,6,5,6,5,6,,,,,,,,,,,6,6,6,6,6,6,4,6,5,6,,,,,,,,,,,5,6,5,6,6,6,6,6,6,6,,,,,,,,,,,5,6,5,6,6,6,5,6,5,6,,,,,,,,,,,5,6,5,6,6,6,5,6,5,6,,,,,,,,,,,2,1,2,1,1,1,3,1,3,1,,,,,,,,,,
4/3/2019 10:20,4/3/2019 10:55,0,174.217.2.209,100,2146,1,4/3/2019 10:55,R_1N328fjnELWqksa,,,,,41.20930481,-96.05480194,anonymous,EN,1,,5,5,5,1,2,2,3,1,3,2,3,2,2,3,1,3,2,3,1,6,1,1,1,3,1,4,1,3,1,5,5,5,5,5,5,5,4,5,4,6,5,5,5,5,5,5,4,5,5,5,5,5,5,5,5,5,3,5,3,6,4,4,4,4,4,4,4,4,4,5,6,6,6,6,6,6,3,6,3,6,5,5,5,5,5,5,4,5,4,5,6,6,6,6,5,6,3,6,7,6,5,5,5,5,5,5,5,5,5,5,4,4,8,7,3,6,3,7,3,3,5,4,4,4,5,5,4,4,5,5,2,3,3,3,2,3,2,3,3,5,2,3,2,4,2,5,3,4,2,4,4,4,5,5,4,4,2,5,3,5,5,5,5,5,5,5,5,5,5,5,6,6,6,6,8,6,7,5,6,6,2,2,2,4,3,2,2,4,2,4
4/3/2019 10:27,4/3/2019 10:56,0,71.8.200.230,100,1740,1,4/3/2019 10:56,R_1gd8TxqM2CIWZPw,,,,,40.75140381,-99.12909698,anonymous,EN,1,,5,5,5,3,5,5,3,4,4,3,3,3,3,4,2,3,4,4,2,3,2,1,1,2,1,2,3,4,2,3,4,4,4,4,3,4,4,4,3,3,2,2,2,3,2,2,4,2,2,3,3,3,3,4,2,3,4,3,2,4,3,2,2,3,2,3,2,3,2,3,6,6,6,6,6,6,5,6,6,6,3,3,3,3,3,3,3,3,3,3,5,5,5,5,5,5,4,5,3,6,3,3,3,3,2,3,2,3,2,3,7,7,7,7,6,6,6,7,6,6,2,3,3,3,3,4,3,3,3,3,3,4,4,5,3,4,4,3,4,5,2,3,2,2,2,2,2,2,3,3,5,5,5,5,5,5,5,5,5,5,2,3,3,3,3,3,3,3,3,3,8,9,9,6,8,7,6,6,10,6,2,2,2,2,2,3,3,2,2,4
4/3/2019 10:29,4/3/2019 10:56,0,71.8.200.230,100,1639,1,4/3/2019 10:56,R_1eIRdDD0sczJchB,,,,,40.75140381,-99.12909698,anonymous,EN,1,,4,3,4,2,3,2,2,2,4,2,4,4,3,5,3,4,6,5,3,6,2,3,2,4,4,4,3,4,2,4,4,3,3,5,3,6,6,5,3,6,3,2,2,4,3,4,3,4,2,4,6,6,6,6,7,6,6,6,8,7,3,2,2,4,3,4,3,4,2,3,5,5,5,5,5,6,3,5,5,5,3,3,3,4,3,4,3,4,3,4,6,6,6,6,6,6,5,6,8,6,3,3,3,3,3,4,3,3,3,3,7,5,8,8,6,6,5,7,5,4,2,3,2,3,3,3,3,3,2,4,3,3,3,4,4,4,4,5,3,5,2,2,2,4,2,4,3,4,2,4,4,4,4,5,4,5,3,5,2,5,3,3,3,4,3,4,3,4,3,4,6,6,6,1,6,1,6,1,6,1,2,2,2,3,2,3,3,3,2,4
4/3/2019 10:41,4/3/2019 10:57,0,174.217.32.2,100,990,1,4/3/2019 10:57,R_1mgDaWWqhelfOoC,,,,,41.24420166,-95.9598999,anonymous,EN,1,,4,2,4,2,1,1,4,2,4,2,4,6,4,6,6,6,5,6,4,6,1,2,1,2,2,2,3,2,3,2,4,5,5,6,6,6,5,6,5,5,1,1,2,2,1,1,2,1,2,1,4,6,5,6,6,6,5,5,5,5,2,1,2,2,1,1,2,2,2,1,5,6,6,6,6,6,4,6,4,6,1,1,2,1,1,1,2,1,2,2,6,6,6,6,6,6,6,6,6,6,1,1,1,1,1,1,1,1,1,1,6,6,6,6,6,6,6,6,5,6,2,2,1,2,1,1,1,1,2,2,5,6,5,6,6,6,5,6,5,6,2,1,2,1,1,1,2,1,2,1,5,6,5,6,6,6,5,6,6,6,2,1,2,1,1,1,2,1,1,1,6,2,6,1,1,1,6,1,6,1,2,1,2,2,1,1,2,1,2,1
4/3/2019 10:40,4/3/2019 10:58,0,166.181.81.226,100,1051,1,4/3/2019 10:58,R_3IXgww9GAJXmPD4,,,,,42.56199646,-89.08599854,anonymous,EN,1,,2,5,2,5,2,2,2,2,4,5,2,2,2,2,,,,,2,2,,,,4,1,2,1,1,,,2,2,2,2,,3,,,2,3,,,,,1,,1,1,,,2,2,2,2,,,,,2,2,,,4,,1,1,1,1,,,2,2,2,2,,,,,2,2,,,,,1,1,1,1,,,,,,,,,,,,,1,1,1,1,1,1,1,1,1,1,,,,,,,,,,,1,1,1,1,1,1,1,1,,1,2,2,2,2,2,4,4,5,2,2,,,,,,,,,,,2,2,2,2,4,2,4,4,3,2,,,,,,,,,,,5,4,4,4,4,4,5,4,4,4,,,,,,,,,,
4/3/2019 10:27,4/3/2019 11:00,0,174.217.12.7,100,1968,1,4/3/2019 11:00,R_2SjoHIBUFJAP72c,,,,,41.29550171,-96.10079956,anonymous,EN,1,,4,4,4,3,2,,4,4,4,,2,1,2,3,2,2,3,1,2,6,1,2,1,2,2,2,3,1,1,4,2,1,2,3,2,3,4,1,1,6,2,2,2,2,3,2,3,2,1,3,7,1,6,5,3,3,5,4,7,4,3,3,3,3,5,3,3,3,3,3,5,5,6,5,6,6,4,5,4,5,4,4,4,5,4,4,3,4,4,4,4,4,6,6,4,5,5,5,3,4,3,,4,4,3,3,4,3,4,,5,6,6,7,5,4,5,6,4,3,3,4,4,4,4,4,4,4,4,4,2,2,3,4,5,2,3,2,2,1,2,2,3,2,2,2,2,2,2,1,2,2,3,3,3,3,5,2,2,2,3,3,3,3,3,3,3,3,3,3,8,6,7,8,7,6,7,8,6,8,2,3,3,3,2,3,3,3,3,2
